{
    "providers": [
        {
            "type": "bitmap",
            "file": "icons:menu/mod_menu_icon.png",
            "ascent": 14,
            "height": 20,
            "chars": [
                "\uDB90\uDC00"
            ]
        },
        {
            "type": "bitmap",
            "file": "icons:menu/elysium_core_heart.png",
            "ascent": 8,
            "height": 9,
            "chars": [
                "\uDB90\uDC01"
            ]
        },
        {
            "type": "bitmap",
            "file": "icons:items/music/modded_discs.png",
            "ascent": 8,
            "height": 10,
            "chars": [
                "\uDB91\uDC00\uDB91\uDC01\uDB91\uDC02\uDB91\uDC03\uDB91\uDC04\uDB91\uDC05\uDB91\uDC06\uDB91\uDC07",
                "\uDB91\uDC08\uDB91\uDC09\uDB91\uDC10\uDB91\uDC11\uDB91\uDC12\uDB91\uDC13\uDB91\uDC14\uDB91\uDC15",
                "\uDB91\uDC16\uDB91\uDC17\uDB91\uDC18\uDB91\uDC19\uDB91\uDC20\uDB91\uDC21\uDB91\uDC22\uDB91\uDC23",
                "\uDB91\uDC24\uDB91\uDC25\uDB91\uDC26\uDB91\uDC27\uDB91\uDC28\uDB91\uDC29\uDB91\uDC30\uDB91\uDC31",
                "\uDB91\uDC32\uDB91\uDC33\uDB91\uDC34\uDB91\uDC35\uDB91\uDC36\uDB91\uDC37\uDB91\uDC38\uDB91\uDC39"
            ]
        },
        {
         "type": "bitmap",
         "file": "icons:items/tooltip/modded_armor.png",
         "ascent": 8,
         "height": 9,
         "chars": [
			"\uDB93\uDC01\uDB93\uDC02",
			"\uDB93\uDC03\uDB93\uDC04",
			"\uDB93\uDC05\uDB93\uDC06",
			"\uDB93\uDC07\uDB93\uDC08",
            "\uDB93\uDC09\uDB93\uDC10",
            "\uDB93\uDC11\uDB93\uDC12"
            ]
        },
        {
         "type": "bitmap",
         "file": "icons:items/tooltip/modded_horse_armor.png",
         "ascent": 8,
         "height": 9,
         "chars": [
			"\uDB94\uDC01\uDB94\uDC02"
            ]
        },
        {
         "type": "bitmap",
         "file": "icons:items/magic/modded_enchantment.png",
         "ascent": 8,
         "height": 9,
         "chars": [
			"\uDB95\uDC01\uDB95\uDC02\uDB95\uDC03\uDB95\uDC04\uDB95\uDC05\uDB95\uDC06\uDB95\uDC07\uDB95\uDC08",
            "\uDB95\uDC09\uDB95\uDC10\uDB95\uDC11\uDB95\uDC12\uDB95\uDC13\uDB95\uDC14\uDB95\uDC15\uDB95\uDC16",
            "\uDB95\uDC17\uDB95\uDC18\uDB95\uDC19\uDB95\uDC20\uDB95\uDC21\uDB95\uDC22\uDB95\uDC23\uDB95\uDC24"
            ]
        }
    ]
}